Ticker;Nev;Sector;Price;Employees;Optionable;Shortable;Market_Cap;Income;Sales;PperE_ratio;BookValuePerShare;CashPerShare;ROA;ROE;ROI;recom
A;Agilent Technologies Inc;Healthcare;41.8;12100;1;1;13.69;0.459;4.04;30.21;12.29;5.87;0.061;0.11;;2
AA;Alcoa Inc;Basic Materials;10.4;60000;1;1;13.38;-0.571;21.66;;9.26;1.05;-0.016;-0.047;0.014;2.6
AAL;American Airlines Group;Services;38.21;118500;1;1;23.36;7.61;40.99;3.28;8.99;9.9;0.159;1.927;0.349;2.1
AAP;Advance Auto Parts;Services;158.4;40000;1;1;11.53;0.4717;9.74;24.59;33.59;1.24;0.058;0.203;0.149;2.4
AAPL;Apple Inc.;Consumer Goods;105.68;110000;1;1;584.22;53.73;234.99;11.16;23.07;6.85;0.192;0.428;0.283;1.9
ABBV;AbbVie;Healthcare;61.42;28000;1;1;98.55;5.14;22.86;19.42;2.42;5.2;0.109;1.311;0.169;2.2
ABC;AmerisourceBergen Corp;Services;91.89;16500;1;1;20.62;0.3954;139.08;52.65;6.31;4.34;0.014;0.292;;2.3
ABT;Abbott Laboratories;Healthcare;44.08;74000;1;1;64.54;2.13;20.39;30.97;14.4;;;;0.077;2
ACN;Accenture plc;Technology;113.95;358000;1;1;74.79;3.68;33.5;19.84;10.87;4.63;0.205;0.594;0.535;2.3
ADBE;Adobe Systems Inc;Technology;94.79;13893;1;1;48.72;0.799;5.07;60.67;14;8.06;0.069;0.116;0.074;1.9
ADI;Analog Devices, Inc.;Technology;58.48;9700;1;1;18.22;0.6826;3.43;27.11;16.05;12.15;0.095;0.136;0.121;2.2
ADM;Archer-Daniels-Midland Co;Consumer Goods;39.62;32300;1;1;22.31;1.85;67.7;13.13;29.83;2.37;0.045;0.101;0.058;2.9
ADP;Automatic Data Processing;Technology;89.65;55000;1;1;40.99;1.42;11.22;29.43;9.19;6.17;0.042;0.32;0.274;2.9
ADS;Alliance Data Systems;Services;205.99;16000;1;1;11.89;0.5515;6.44;23.04;33.02;16.64;0.026;NA;0.069;1.9
ADSK;Autodesk Inc;Technology;59.54;9500;1;1;13.59;-0.3305;2.5;;7.21;9.94;-0.06;-0.167;-0.099;2.5
ADT;ADT Corp;Services;41.79;17100;1;1;6.94;0.288;3.59;24.72;17.61;0.45;0.027;0.097;;2.8
AEE;Ameren Corp;Utilities;46.55;8527;1;1;11.38;0.579;6.1;19.74;28.63;1.21;0.027;0.092;0.062;2.4
AEP;American Electric Power;Utilities;62.74;17405;1;1;30.61;1.76;16.45;17.48;36.45;1.16;0.044;0.152;0.063;2
AES;AES Corp;Utilities;11.18;21000;1;1;7.33;0.306;14.96;25.17;4.73;2.62;0.008;0.084;0.027;2.3
AET;Aetna Inc;Healthcare;114.82;50100;1;1;39.96;2.39;60.34;16.85;46.09;7.22;0.044;0.153;0.115;2.1
AFL;AFLAC Inc;Financial;67.92;9915;1;1;28.22;2.53;21.03;11.6;41.67;10.46;0.021;0.143;0.124;2.6
AGN;Allergan plc;Healthcare;229.14;31200;1;1;88.7;-3.1045;15.07;;181.65;2.8;0.023;0.045;-0.013;1.8
AIG;American International Group, Inc.;Financial;56.19;66400;1;1;62.68;2.2;58.92;38.19;70.79;1.45;0.004;0.022;;2.2
AIV;Apartment Investment & Mgmt;Financial;40.14;1591;1;1;6.34;0.0554;0.9813;114.65;9.4;0.33;0.038;0.162;0.053;2.2
AIZ;Assurant Inc;Financial;79.63;16700;1;1;4.97;0.1416;10.33;38.66;67.81;20.45;0.005;0.03;0.035;2.6
AKAM;Akamai Technologies Inc;Technology;51.13;6084;1;1;9.06;0.3214;2.2;28.67;17.55;4.23;0.078;0.105;;2.4
ALL;Allstate Corp;Financial;65.74;41100;1;1;25.25;2.06;36.11;13;47.49;1.29;0.019;0.107;0.093;2.2
ALLE;Allegion;Services;64.24;9400;1;1;6.22;0.1543;2.07;40.67;0.27;2.08;0.071;9.107;0.127;1.6
ALXN;Alexion Pharmaceuticals;Healthcare;159.1;2924;1;1;36.02;0.1444;2.6;206.83;36.61;6.08;0.013;0.02;0.016;2.1
AMAT;Applied Materials Inc;Technology;21.1;14600;1;1;24;1.32;9.56;19.19;6.25;2.72;0.095;0.169;0.121;2.2
AME;Ametek;Industrial Goods;51.14;15400;1;1;11.92;0.5909;3.97;20.88;13.72;1.63;0.09;0.178;0.133;1.8
AMG;Affiliated Managers Group Inc;Financial;177.75;3200;1;1;9.39;0.5313;2.48;18.76;52.83;10.5;0.086;0.246;0.122;1.7
AMGN;Amgen Inc;Healthcare;163.19;17900;1;1;123.47;6.94;21.66;18.04;37.34;41.55;0.098;0.252;0.125;2.5
AMP;Ameriprise Financial;Financial;99.92;13000;1;1;17.43;1.56;12.2;11.66;40.94;16.22;0.011;0.202;0.079;2.4
AMT;American Tower Corp A;Financial;104.19;3371;1;1;44.15;0.5949;4.77;73.83;15.7;0.76;0.022;0.085;0.058;1.7
AMZN;Amazon.com Inc;Services;620.5;230800;1;1;300.31;0.596;107.01;505;28.66;41.3;0.011;0.049;0.047;1.8
AN;AutoNation Inc;Services;49.49;26000;1;1;4.96;0.4437;20.86;12.72;21.18;0.74;0.05;0.194;0.101;2.6
ANTM;Anthem Inc.;Healthcare;147.52;53000;1;1;37.95;2.56;79.24;15.67;88.22;8.14;0.04;0.109;0.083;2.1
AON;Aon plc;Financial;103.23;69000;1;1;27.93;1.39;11.68;21.08;22.32;2.74;0.049;0.224;0.132;2.6
APA;Apache Corporation;Basic Materials;56.2;3860;1;1;20.57;-22.348;6.37;;6.79;3.88;-0.708;-1.882;-2.006;2.8
APC;Anadarko Petroleum Corp;Basic Materials;52.55;5800;1;1;25.1;-6.694;8.7;;25.23;1.91;-0.133;-0.449;-0.208;1.9
APD;Air Products & Chemicals Inc;Basic Materials;148.12;19400;1;1;31.95;1.32;9.69;24.44;34.14;1.29;0.076;0.178;0.096;2.5
APH;Amphenol Corp A;Technology;56.96;50700;1;1;17.42;0.7403;5.69;24.16;11.01;2.32;0.122;0.287;0.136;2.4
ARG;Airgas Inc;Basic Materials;141.89;17000;1;1;10.27;0.3479;5.32;30.62;27.39;0.65;0.057;0.17;0.094;3.2
ATVI;Activision Blizzard;Technology;34.65;7300;1;1;26.07;0.88;4.66;29.17;11.04;2.45;0.061;0.113;;1.8
AVB;AvalonBay Communities, Inc.;Financial;180.17;2981;1;1;24.83;0.7403;1.86;33.12;71.98;2.93;0.057;0.1;0.034;2.4
AVGO;Avago Technologies;Technology;150.33;8200;1;1;58.61;1.43;6.96;29.48;18.49;5.52;0.133;0.306;0.18;1.8
AVY;Avery Dennison Corp;Consumer Goods;73.52;25000;1;1;6.6;0.2737;5.97;24.7;10.65;1.75;0.064;0.264;0.136;2.2
AWK;American Water Works Company Inc;Utilities;69.24;6700;1;1;12.41;0.476;3.16;26.78;28.46;0.26;0.033;0.11;0.066;2.3
AXP;American Express Co;Financial;65.93;54800;1;1;62.66;4.94;34.59;13.14;21.85;26.21;0.031;0.233;0.04;2.8
AZO;AutoZone Inc;Services;771.07;46980;1;1;22.99;1.2;10.43;20.31;-57.72;7.01;0.146;-0.698;0.442;2.2
BA;Boeing Company;Industrial Goods;131.05;161400;1;1;84.92;5.17;96.11;17.57;9.42;18.56;0.053;0.759;0.335;2.5
BAC;Bank of America Corp;Financial;15.11;213000;1;1;154.68;13.58;49.53;12.33;23.06;61.69;0.006;0.058;0.044;1.8
BAX;Baxter International Inc.;Healthcare;43.32;50000;1;1;23.83;0.393;9.97;61.11;16.14;13.48;0.058;0.175;0.034;2.8
BBBY;Bed Bath & Beyond;Services;49.14;60000;1;1;7.83;0.8415;12.1;9.39;16.28;3.71;0.127;0.329;0.229;3.2
BBT;BB&T Corporation;Financial;35.83;37200;1;1;28.25;1.98;6.56;13.87;32.19;3.49;0.01;0.081;0.09;2.3
BBY;Best Buy Co. Inc.;Services;33.22;125000;1;1;10.39;0.807;39.53;13.93;12.9;10.26;0.064;0.194;0.143;2.6
BCR;Bard (C.R.) Inc.;Healthcare;207.23;14900;1;1;15.14;0.1335;3.42;80.61;19.72;12.99;0.055;0.172;0.064;2.6
BDX;Becton Dickinson;Healthcare;159.88;49517;1;1;33.93;0.689;11.22;49.08;34.12;7.53;0.026;0.096;0.052;2.1
BEN;Franklin Resources;Financial;40.67;9400;1;1;23.72;1.91;7.64;12.82;19.71;14;0.15;0.208;;3.1
BF-B;Brown-Forman Corporation;Consumer Goods;93.25;4200;1;1;19.54;0.687;3.1;28.26;7.04;1.53;0.16;0.427;0.23;
BHI;Baker Hughes Inc;Basic Materials;46.43;43000;1;1;19.83;-1.967;15.74;;37.21;5.28;-0.077;-0.114;-0.086;2.1
BIIB;BIOGEN IDEC Inc.;Healthcare;282.7;7350;1;1;62.35;3.55;10.76;18.57;47.18;16.38;0.19;0.345;0.235;2.1
BK;The Bank of New York Mellon Corp.;Financial;41.06;51200;1;1;44.28;3.01;3.33;14.96;32.59;154.85;0.01;0.106;0.032;2.4
BLK;BlackRock;Financial;365.47;13000;1;1;59.84;3.18;11.3;19.27;172.12;;;;;2.1
BLL;Ball Corp;Consumer Goods;75.84;15200;1;1;10.47;0.2809;8;37.48;9.14;1.6;0.034;0.257;0.087;2
BMY;Bristol-Myers Squibb;Healthcare;70.68;25000;1;1;117.95;1.57;16.56;75.78;8.54;2.56;0.049;0.104;0.039;2.4
BRK-B;Berkshire Hathaway;Financial;146.11;;1;1;341.38;;199.94;;0;;;;;
BSX;Boston Scientific;Healthcare;19.76;25000;1;1;26.5;-0.239;7.48;;4.7;0.24;-0.014;-0.037;0.007;1.9
BWA;BorgWarner;Consumer Goods;38.48;30000;1;1;8.41;0.6097;8.02;14.24;16.03;2.64;0.077;0.169;0.108;2.3
BXLT;Baxalta;Healthcare;41.38;17000;1;1;27.94;0.928;6.15;30.31;5.8;;0.083;0.212;0.101;2
BXP;Boston Properties;Financial;129.4;765;1;1;19.97;0.5726;2.49;34.92;37.17;4.71;0.039;0.129;;2
C;Citigroup Inc.;Financial;46.97;231000;1;1;137.41;14.97;58.12;9.32;71.28;223.29;0.008;0.072;0.083;1.9
CA;CA, Inc.;Technology;30.18;11600;1;1;12.73;0.736;4.04;17.78;12.45;5.58;0.069;0.135;0.124;2.9
CAG;ConAgra Foods Inc.;Consumer Goods;44.58;32900;1;1;19.39;0.7126;12.92;27.12;8.39;1.16;-0.038;-0.158;-0.024;2.4
CAH;Cardinal Health Inc.;Services;86.91;34500;1;1;28.41;1.37;112.42;21;20.4;7.06;0.045;0.212;0.115;2
CAT;Caterpillar Inc.;Industrial Goods;78.32;105700;1;1;44.91;2.1;47.01;22.29;25.38;11.05;0.026;0.13;0.048;3.2
CB;Chubb Limited;Financial;119.3;22000;1;1;54.65;2.83;19.14;13.82;89.74;3.87;0.028;0.096;0.078;2
CBG;CBRE Group;Financial;30.52;70000;1;1;10.02;0.5471;10.86;18.46;8.13;;0.061;0.219;0.072;1.7
CBS;CBS Corp.;Services;56.49;16260;1;1;25.44;1.4;13.89;19.67;11.86;0.71;0.059;0.237;0.131;2
CCE;Coca-Cola Enterprises;Consumer Goods;51.83;11500;1;1;11.8;0.596;7.01;20.41;4.2;0.75;0.073;0.597;0.149;2.8
CCI;Crown Castle International Corp.;Technology;87.75;2700;1;1;28.8;0.4813;3.66;60.5;21.28;0.54;0.069;0.209;0.051;2.2
CCL;Carnival Corp.;Services;48.51;92200;1;1;37.92;1.85;15.84;20.73;29.54;1.01;0.048;0.079;0.078;2.3
CELG;Celgene Corp.;Healthcare;110.52;6971;1;1;86.9;1.6;9.26;57.08;7.53;8.34;0.071;0.263;0.088;1.8
CERN;Cerner;Technology;58.51;22200;1;1;19.9;0.5394;4.43;38.08;11.35;1.51;0.098;0.141;0.12;1.7
CF;CF Industries Holdings Inc;Basic Materials;33.24;2800;1;1;7.96;0.6999;4.31;11.24;17.3;1.19;0.058;0.171;;2.5
CFG;Citizens Financial Group;Financial;23.62;17100;1;1;12.33;0.833;3.85;15.1;36.77;9.48;0.006;0.043;0.091;2
CHD;Church & Dwight;Consumer Goods;92.03;4400;1;1;11.77;0.4104;3.39;30.12;15.5;2.59;0.096;0.206;0.146;2.8
CHK;Chesapeake Energy;Basic Materials;6.55;4400;1;1;4.12;-14.856;12.76;;-1.4;1.28;-0.585;-3.666;-1.447;3.3
CHRW;C. H. Robinson Worldwide;Services;74.56;13159;1;1;10.86;0.5097;13.48;21.27;8.01;1.15;0.154;0.458;0.266;2.5
CI;CIGNA Corp.;Healthcare;141.82;39300;1;1;35.56;2.09;37.97;17.37;46.99;7.76;0.037;0.182;0.121;2.3
CINF;Cincinnati Financial;Financial;64.59;4493;1;1;10.52;0.634;5.14;16.96;39.26;3.34;0.034;0.098;0.094;3
CL;Colgate-Palmolive;Consumer Goods;69.06;37900;1;1;61.86;1.38;16.03;45.97;-0.33;1.16;0.106;6.363;0.251;2.8
CLX;The Clorox Company;Consumer Goods;122.45;7700;1;1;16.02;0.657;5.69;24.86;1.53;3.01;0.165;3.723;0.262;3.2
CMA;Comerica Inc.;Financial;44.02;8533;1;1;7.69;0.515;1.78;15.34;42.95;35.57;0.007;0.068;0.124;2.8
CMCSA;Comcast A Corp;Services;61.1;153000;1;1;147.56;8.16;74.51;18.82;21.33;0.99;0.051;0.157;0.105;1.8
CME;CME Group Inc.;Financial;94.2;2530;1;1;31.34;1.25;3.33;25.39;61.01;5.28;0.017;0.059;;2.5
CMG;Chipotle Mexican Grill;Services;442.73;59330;1;1;13.26;0.4756;4.5;29.36;68.59;22.17;0.17;0.213;;2.7
CMI;Cummins Inc.;Industrial Goods;116.11;55200;1;1;20.16;1.4;19.11;14.7;42.21;10.32;0.089;0.182;0.166;3
CMS;CMS Energy;Utilities;39.65;7750;1;1;10.92;0.523;6.46;20.92;14.26;0.96;0.027;0.135;0.066;2.6
CNC;Centene Corporation;Healthcare;62.35;18200;1;1;7.51;0.356;22.76;21.74;18.05;14.73;0.05;0.178;0.108;1.9
CNP;CenterPoint Energy;Utilities;20.81;7505;1;1;9.07;-0.692;7.39;;8.04;2.48;-0.031;-0.166;0.108;2.5
COF;Capital One Financial;Financial;75.56;45400;1;1;39.8;3.83;20.46;10.73;89.1;15.04;0.012;0.083;0.146;2.4
COG;Cabot Oil & Gas;Basic Materials;23.26;459;1;1;10.39;-0.1139;1.36;;4.85;0;-0.021;-0.054;-0.004;2.4
COH;Coach Inc.;Consumer Goods;40.28;15800;1;1;11.16;0.3663;4.24;30.52;9.25;4.82;0.08;0.145;0.121;2.5
COL;Rockwell Collins;Industrial Goods;90.01;19500;1;1;11.6;0.667;5.16;17.79;15.16;2.31;0.09;0.342;0.188;2.2
COP;ConocoPhillips;Basic Materials;47.62;15900;1;1;57.55;-4.428;29.46;;31.97;;-0.042;-0.098;-0.065;2.5
COST;Costco Co.;Services;149.92;117000;1;1;67.18;2.31;117.27;29.02;25.02;10.95;0.069;0.215;0.145;2.1
CPB;Campbell Soup;Consumer Goods;60.64;18600;1;1;18.62;0.709;8;26.84;4.92;1;0.088;0.479;0.144;3.1
CPGX;Columbia Pipeline Group Inc;Basic Materials;25.61;1968;1;1;10.18;0.2676;1.33;31.16;11.23;2.34;0.029;0.081;0.055;2.8
CRM;Salesforce.com;Technology;76.48;19000;1;1;51.78;-0.0474;6.67;;7.48;1.98;-0.004;-0.01;0;1.8
CTAS;Cintas Corporation;Services;89.7;32000;1;1;9.51;0.4332;4.78;23.06;18.08;3.64;0.156;0.345;0.141;2.8
CTL;CenturyLink Inc;Technology;31.39;43000;1;1;17.03;0.878;17.9;19.62;25.96;0.23;0.018;0.061;0.063;2.9
CTSH;Cognizant Technology Solutions;Technology;60.44;221700;1;1;36.62;1.62;12.42;22.75;15.26;8.14;0.134;0.186;0.152;1.7
CTXS;Citrix Systems;Technology;82.9;9500;1;1;12.92;0.3739;3.34;35.07;13.26;7.4;0.068;0.179;0.108;2.5
CVC;Cablevision Systems Corp.;Services;33.63;12920;1;1;9.31;0.188;6.51;49.52;-18.17;5.29;0.026;-0.035;0.146;3
CVS;CVS Health;Healthcare;101.44;155000;1;1;111.12;5.23;153.29;21.94;33.63;2.34;0.063;0.141;0.094;1.8
CVX;Chevron Corp.;Basic Materials;102.01;61500;1;1;190.17;4.59;129.65;41.5;81.71;6.05;0.017;0.03;-0.001;2.3
CXO;Concho Resources;Basic Materials;114.26;1121;1;1;14.6;0.0653;1.8;210.8;54.4;1.77;0.006;0.012;0.034;2
CSCO;Cisco Systems;Technology;28.15;71833;1;1;142.51;10.33;49.59;13.98;12.01;11.96;0.093;0.173;0.101;2.2
CSRA;CSRA Inc.;Technology;26.66;19000;1;1;4.37;0.2169;3.96;20.42;1.26;1.26;0.15;0.544;0.22;1.8
CSX;CSX Corp.;Services;27.53;29000;1;1;26.11;1.88;11.4;14.12;12.05;1.15;0.055;0.162;0.109;2.3
D;Dominion Resources;Utilities;70.06;14700;1;1;42.92;1.9;11.68;21.94;21.26;0.99;0.034;0.153;0.063;2.3
DAL;Delta Air Lines;Services;44.62;83817;1;1;34.16;4.73;40.57;7.38;14.54;3.75;0.089;0.45;0.27;1.7
DD;Du Pont (E.I.);Basic Materials;65.97;52000;1;1;57.81;1.88;25.27;31.63;11.13;7.08;0.068;0.256;0.089;2.4
DE;Deere & Co.;Industrial Goods;82.8;57200;1;1;25.99;1.81;28;15.13;20.83;10.97;0.031;0.247;0.058;3
DFS;Discover Financial Services;Financial;56.51;15036;1;1;23.5;2.24;8.1;10.96;27.14;38.98;0.026;0.206;;1.8
DG;Dollar General;Services;81.44;113400;1;1;23.95;1.17;20.37;20.73;18.59;0.54;0.104;0.216;0.15;1.9
DGX;Quest Diagnostics;Healthcare;75.3;44000;1;1;10.65;0.706;7.49;15.48;32.53;0.94;0.07;0.158;0.123;2.9
DHI;D. R. Horton;Industrial Goods;31.14;6230;1;1;11.74;0.8131;11.31;14.24;16.88;3.24;0.073;0.136;;2.6
DHR;Danaher Corp.;Industrial Goods;96.42;81000;1;1;66.07;2.79;21.08;24.11;35.59;0.97;0.09;0.173;0.075;2
DIS;The Walt Disney Company;Services;103.77;185000;1;1;169.2;9.08;54.32;19.52;26.58;2.66;0.103;0.201;0.132;2.4
DISCA;Discovery Communications-A;Services;28.8;7000;1;1;11.14;0.686;6.39;17.72;12.79;0.98;0.043;0.126;0.112;2.8
DISCK;Discovery Communications-C;Services;27.95;5700;1;1;6.96;;6.39;17.34;8.59;;;;;3
DLPH;Delphi Automotive;Consumer Goods;75.73;139000;1;1;21.06;1.19;15.17;18.37;8.06;1.93;0.132;0.63;0.217;1.7
DLTR;Dollar Tree;Services;80.95;55300;1;1;19.25;0.2824;15.5;68.11;18.77;3.11;0.019;0.078;0.074;2.5
DNB;Dun & Bradstreet;Technology;110.01;5000;1;1;3.97;0.2042;1.64;19.57;-30.94;10.13;0.08;-0.143;0.371;2.9
DO;Diamond Offshore Drilling;Basic Materials;23.9;3400;1;1;3.17;-0.2743;2.42;;29.99;0.95;-0.036;-0.065;-0.029;3.4
DOV;Dover Corp.;Industrial Goods;67.35;26000;1;1;10.36;0.5959;6.96;17.79;23.85;1.57;0.088;0.21;0.112;3
DOW;Dow Chemical;Basic Materials;52.61;49500;1;1;58.24;7.29;48.78;8.89;19.34;7.74;0.106;0.367;0.207;2.2
DPS;Dr Pepper Snapple Group;Consumer Goods;86.62;19000;1;1;16.36;0.764;6.28;22.06;11.56;4.88;0.091;0.345;0.158;2.9
DRI;Darden Restaurants;Services;63.3;148892;1;1;8.1;0.3374;7.02;24.29;15.03;1.69;0.063;0.157;0.102;2.5
DTE;DTE Energy Co.;Utilities;85.77;10000;1;1;15.44;0.727;10.34;21.24;49.01;0.21;0.026;0.084;0.054;2.4
DUK;Duke Energy;Utilities;77.01;29188;1;1;52.42;2.8;23.46;19.06;57.74;;0.023;0.07;0.049;2.9
DVA;DaVita Inc.;Healthcare;74.9;60400;1;1;15.31;0.2697;13.78;60.59;23.34;9.31;0.014;0.054;0.062;2.3
DVN;Devon Energy Corp.;Basic Materials;35.2;6600;1;1;17.14;-14.459;13.15;;16.39;4.57;-0.386;-1.114;-0.727;2.1
EA;Electronic Arts;Technology;65.87;8400;1;1;20.49;0.652;4.27;34.41;9.68;10.39;0.107;0.208;0.245;1.9
EBAY;eBay Inc.;Services;24.4;11600;1;1;28;1.95;8.59;15.15;5.53;5.28;0.074;0.179;0.13;2.6
ECL;Ecolab Inc.;Consumer Goods;116.24;47000;1;1;33.71;1;13.55;34.8;23.34;0.32;0.053;0.146;0.094;2.2
ED;Consolidated Edison;Utilities;71.58;14806;1;1;21.09;1.19;12.55;17.82;44.5;3.24;0.027;0.092;0.067;3.4
EFX;Equifax Inc.;Financial;115.71;8000;1;1;13.86;0.4291;2.66;32.77;19.52;0.78;0.094;0.194;0.14;2
EIX;Edison Intl;Utilities;68.65;12768;1;1;22.4;0.985;11.52;22.91;34.87;0.49;0.02;0.09;0.065;2.2
EL;Estee Lauder Cos.;Consumer Goods;93.95;44000;1;1;34.89;1.18;11.06;30.47;9.75;3.84;0.142;0.324;0.216;2.1
EMC;EMC Corp.;Technology;26.57;72000;1;1;51.5;1.99;24.7;26.08;10.89;4.77;0.044;0.097;0.076;2.3
EMN;Eastman Chemical;Basic Materials;76.54;15000;1;1;11.29;0.848;9.65;13.41;26.52;1.97;0.054;0.226;0.101;2
EMR;Emerson Electric Company;Industrial Goods;55.47;110800;1;1;35.38;2.53;21.43;14.74;11.47;4.86;0.113;0.305;0.124;3
ENDP;Endo International;Healthcare;33.98;6406;1;1;6.73;-0.3001;3.27;;26.63;1.21;-0.084;-0.264;0.009;2.2
EOG;EOG Resources;Basic Materials;80.92;2760;1;1;43.58;-4.5245;8.77;;23.69;1.31;-0.147;-0.296;-0.219;2.2
EQIX;Equinix;Technology;322.01;5042;1;1;22.41;0.1878;2.73;102.68;49.52;32.69;0.022;0.087;0.059;2
EQR;Equity Residential;Financial;70.66;3500;1;1;25.74;0.9051;2.75;29.97;28.68;0.12;0.037;0.083;0.047;2.7
EQT;EQT Corporation;Basic Materials;68.47;1914;1;1;10.68;0.0852;2.34;122.01;33.27;12.94;0.006;0.017;0.056;2.1
ES;Eversource Energy;Utilities;55.4;7943;1;1;17.48;0.8785;7.95;20.12;32.61;;0.029;0.086;0.06;2.6
ESRX;Express Scripts;Healthcare;73.55;25900;1;1;49.89;2.48;101.75;20.57;25.67;4.71;0.047;0.141;0.09;2.5
ESS;Essex Property Trust Inc;Financial;224.51;1806;1;1;14.73;0.2269;1.19;65.25;94.33;0.46;0.019;0.037;;2.4
ETFC;E*Trade;Financial;26.14;3400;1;1;7.41;0.268;1.43;28.81;20.11;13.27;0.008;0.066;0.009;2
ETN;Eaton Corporation;Industrial Goods;62.99;97000;1;1;28.74;1.98;20.86;14.69;32.9;0.96;0.062;0.129;0.094;2.6
ETR;Entergy Corp.;Utilities;74.35;13579;1;1;13.17;-0.1766;11.51;;51.89;7.62;-0.004;-0.018;0.015;3
EW;Edwards Lifesciences;Healthcare;108.33;9800;1;1;22.81;0.4949;2.49;47.99;11.6;5.8;0.132;0.21;;2
EXC;Exelon Corp.;Utilities;34.09;29762;1;1;31.54;2.27;29.45;13.65;27.94;7.04;0.032;0.121;0.064;2.3
EXPD;Expeditors Intl;Services;48.95;15397;1;1;8.89;0.4572;6.62;20.34;9.14;4.45;0.162;0.249;0.263;2.8
EXPE;Expedia Inc.;Services;107.51;18730;1;1;16.15;0.7645;6.67;18.51;35.18;11.27;0.061;0.276;0.089;2.3
EXR;Extra Space Storage;Financial;86;3209;1;1;10.74;0.1889;0.7823;54.96;16.91;0.61;0.035;0.094;0.05;2.2
F;Ford Motor;Consumer Goods;13.61;199000;1;1;54.24;7.37;149.56;7.37;7.21;3.57;0.034;0.275;0.03;2.5
FAST;Fastenal Co;Services;45.63;19218;1;1;13.16;0.515;3.9;25.72;6.31;;0.203;0.287;0.24;2.9
FB;Facebook;Technology;110.56;12691;1;1;321.54;3.67;17.93;85.35;15.65;6.31;0.081;0.09;0.084;1.8
FCX;Freeport-McMoran Cp & Gld;Basic Materials;11.67;34500;1;1;14.03;-12.236;15.88;;6.65;0.18;-0.236;-1.012;-0.405;3
FDX;FedEx Corporation;Services;166.32;114000;1;1;44.24;1.14;49.5;40.71;52.67;10.63;0.03;0.076;0.058;2.1
FE;FirstEnergy Corp;Utilities;34.47;15781;1;1;14.39;0.578;15.03;25.28;29.43;0.31;0.011;0.046;0.047;2.5
FFIV;F5 Networks;Technology;104.52;4178;1;1;7.1;0.3553;1.96;20.85;17.48;11.49;0.156;0.279;0.271;2.8
FIS;Fidelity National Information Services;Technology;65.24;55000;1;1;21.4;0.6388;6.6;29.53;31.54;3.25;0.036;0.088;0.035;1.9
FISV;Fiserv Inc;Services;98.04;22000;1;1;22.13;0.712;5.25;32.98;11.69;1.23;0.076;0.24;0.122;2.7
FITB;Fifth Third Bancorp;Financial;18.62;18261;1;1;14.45;1.62;4.03;9.19;19.38;5.74;0.011;0.109;0.082;2.6
FL;Foot Locker Inc;Consumer Goods;60.41;14944;1;1;8.22;0.541;7.41;15.71;18.55;;0.146;0.211;0.203;2
FLIR;FLIR Systems;Technology;33.31;3003;1;1;4.68;0.2417;1.56;19.73;11.95;3.43;0.102;0.149;0.121;2.2
FLR;Fluor Corp.;Industrial Goods;54.28;38758;1;1;7.52;0.4182;18.11;18.95;21.27;15.23;0.054;0.135;0.12;2.4
FLS;Flowserve Corporation;Industrial Goods;47;19000;1;1;6.21;0.2677;4.56;23.28;12.38;2.72;0.051;0.156;0.114;2.9
FMC;FMC Corporation;Basic Materials;42.95;6000;1;1;5.69;-0.1874;3.28;;13.95;0.59;0.078;0.258;-0.023;2.7
FOX;Twenty-First Century Fox Class B;Services;30.75;27000;1;1;24.7;;26.5;25.99;7.51;;;;;1.3
FOXA;Twenty-First Century Fox Class A;Services;30.93;20500;1;1;58.22;2.46;26.5;25.75;7.41;2.29;0.049;0.148;0.237;2.1
FRT;Federal Realty Investment Trust;Financial;150.82;299;1;1;10.72;0.1806;0.744;58.25;23.87;0.3;0.043;0.128;;2.5
FSLR;First Solar Inc;Technology;61.54;6350;1;1;6.21;0.5464;3.58;11.29;54.72;17.79;0.07;0.092;0.09;2.1
FTI;FMC Technologies Inc.;Basic Materials;29.53;17400;1;1;6.6;0.3931;6.36;17.05;10.98;4;0.058;0.156;0.116;2.5
FTR;Frontier Communications;Technology;5.63;19200;1;1;6.41;-0.319;5.58;;4.87;0.81;-0.014;-0.061;0.042;2
GAS;AGL Resources Inc.;Utilities;65.08;5203;1;1;7.9;0.353;3.94;22.26;32.77;0.22;0.025;0.09;0.061;
GD;General Dynamics;Industrial Goods;137.9;99900;1;1;41.89;2.97;31.47;15.06;34.28;9.09;0.089;0.268;0.215;1.9
GE;General Electric;Industrial Goods;30.76;333000;1;1;286.91;1.66;117.39;165.84;9.81;11.55;-0.012;-0.061;;2.1
GGP;General Growth Properties Inc.;Financial;28.58;1700;1;1;25.3;1.36;2.4;20.09;9.1;0.4;0.057;0.17;0.043;2.1
GILD;Gilead Sciences;Healthcare;101.93;8000;1;1;138.31;18.11;32.64;8.58;12.92;10.8;0.402;1.043;0.458;2
GIS;General Mills;Consumer Goods;60.56;42000;1;1;36.39;1.5;16.93;24.87;8.21;1.31;0.069;0.307;0.105;2.8
GLW;Corning Inc.;Technology;20.99;35700;1;1;24.18;1.24;9.11;21.31;14.3;3.99;0.043;0.069;0.056;2.7
GM;General Motors;Consumer Goods;32.18;215000;1;1;50.08;9.69;152.36;5.32;26.48;13.67;0.055;0.284;0.07;2.4
GME;GameStop Corp.;Services;32.8;20000;1;1;3.36;0.4028;9.36;8.63;19.97;4.4;0.095;0.2;0.175;2.4
GOOG;Alphabet Inc Class C;Technology;718.77;61814;1;1;492.4;;74.99;30.65;175.07;;;;;1.7
GOOGL;Alphabet Inc Class A;Technology;737.77;61814;1;1;532.87;15.83;74.99;32.53;179.76;104.83;0.114;0.14;0.128;1.7
GPC;Genuine Parts;Services;96.78;39000;1;1;14.4;0.7057;15.28;20.93;21.6;1.38;;;0.185;2.8
GPS;Gap (The);Services;23.96;141000;1;1;9.26;0.92;15.8;10.52;6.42;3.46;0.122;0.344;0.228;3.1
GRMN;Garmin Ltd.;Technology;42.71;11651;1;1;8.66;0.4562;2.82;17.61;17.67;5.09;0.102;0.138;0.131;2.8
GS;Goldman Sachs Group;Financial;166.75;36800;1;1;68.54;4.02;35.41;18.68;171.05;;0.005;NA;0.011;2.3
GT;Goodyear Tire & Rubber;Consumer Goods;32.38;66000;1;1;8.67;0.307;16.44;29.42;14.57;5.49;0.018;0.078;0.08;2
GWW;Grainger (W.W.) Inc.;Services;229.13;24400;1;1;13.98;0.7614;9.97;19.62;36.52;4.76;0.171;0.36;0.196;2.9
HAL;Halliburton Co.;Basic Materials;40.84;65000;1;1;33.95;-0.666;23.63;;18.06;11.89;-0.021;-0.043;0.004;1.9
HAR;Harman Intl Industries;Consumer Goods;88.27;24197;1;1;6.27;0.3435;6.55;18.31;33.93;;0.062;0.147;0.106;2
HAS;Hasbro Inc.;Consumer Goods;87.43;5000;1;1;10.82;0.4739;4.57;23.34;12.83;8.84;0.106;0.304;0.158;2.7
HBAN;Huntington Bancshares;Financial;10.25;12243;1;1;8.08;0.6665;2.17;12.41;8.02;1.17;0.009;0.107;0.123;2.5
HBI;Hanesbrands Inc;Consumer Goods;28.55;65300;1;1;10.7;0.4289;5.73;26;2.46;0.86;0.079;0.37;0.141;1.8
HCA;HCA Holdings;Healthcare;80.91;174000;1;1;31.44;2.13;39.68;16.05;-18.75;1.89;0.067;-0.285;0.189;2
HCN;Welltower Inc.;Financial;68.27;476;1;1;24.1;0.538;3.86;44.97;38.41;1.04;0.03;0.06;0.04;2.6
HCP;HCP Inc.;Financial;33.76;187;1;1;15.54;-0.5606;2.54;;20.09;0.76;-0.026;-0.056;-0.005;3.5
HD;Home Depot;Services;135.66;385000;1;1;170.38;7.01;88.52;24.83;5.03;1.76;0.162;0.882;0.281;2
HES;Hess Corporation;Basic Materials;63.38;2770;1;1;18.61;-3.008;6.51;;68.5;9.03;-0.086;-0.146;-0.103;2.2
HIG;Hartford Financial Svc.Gp.;Financial;45.09;17400;1;1;18.22;1.67;18.49;11.39;43.37;1.1;0.007;0.092;0.088;2.3
HOG;Harley-Davidson;Consumer Goods;48.57;5700;1;1;8.81;0.7328;6.07;13.11;10.32;4.07;0.07;0.315;0.087;2.5
HOLX;Hologic;Healthcare;37.44;5290;1;1;10.74;0.1873;2.75;59.14;7.66;2.29;0.027;0.1;0.061;2
HON;Honeywell Intl Inc.;Industrial Goods;114.17;129000;1;1;86.79;4.77;38.58;18.75;23.73;;;;0.16;1.9
HOT;Starwood Hotels & Resorts;Services;79.01;188000;1;1;13.7;0.489;5.76;27.7;7.67;6.09;0.06;0.374;0.153;2.9
HP;Helmerich & Payne;Basic Materials;64.08;6727;1;1;6.76;0.2334;2.59;29.32;44.79;8.34;0.06;0.088;0.08;2.8
HPE;Hewlett Packard Enterprise;Diversified Computer Systems;17.49;240000;1;1;29.49;2.18;51.78;13.77;17.75;6.68;0.03;0.061;0.051;2.5
HPQ;HP Inc.;Technology;12.61;287000;1;1;22.32;4.03;75.31;5.68;-2.76;2.08;0.044;0.197;0.144;2.4
HRB;Block H&R;Services;23.83;2200;1;1;5.38;0.4257;3.04;17.22;-2.31;0.85;0.124;0.56;0.23;2.3
HRL;Hormel Foods Corp.;Consumer Goods;37.66;21000;1;1;20.19;0.7494;9.16;27.41;7.87;0.7;0.125;0.188;0.157;3.1
HRS;Harris Corporation;Technology;79.83;22300;1;1;9.71;0.0828;6.38;99.21;26.26;4.15;0.006;0.022;0.054;2
HSIC;Henry Schein;Services;170.83;19000;1;1;14.07;0.4791;10.63;30.23;35.07;0.88;0.077;0.168;0.141;2.2
HST;Host Hotels & Resorts;Financial;15.34;240;1;1;11.6;0.558;5.39;20.69;9.38;0.31;0.047;0.078;0.058;2.6
HSY;The Hershey Company;Consumer Goods;90.55;19060;1;1;13.98;0.513;7.39;39.27;4.59;2.26;0.092;0.477;0.17;2.9
HUM;Humana Inc.;Healthcare;175.3;50100;1;1;26.23;1.28;54.29;20.89;69.45;17.26;0.051;0.125;0.099;2.5
IBM;International Bus. Machines;Technology;148.5;377757;1;1;143.76;12.97;80.84;11.21;15.52;15.39;0.114;0.917;0.247;2.9
ICE;Intercontinental Exchange;Financial;241.15;5549;1;1;28.5;1.27;3.34;21.09;133.41;5.53;0.019;0.098;0.063;2.1
IFF;Intl Flavors & Fragrances;Basic Materials;120.82;6700;1;1;9.52;0.4172;3.02;23.3;19.88;2.3;0.113;0.262;0.176;2.4
ILMN;Illumina Inc;Healthcare;143.59;4600;1;1;21.24;0.4616;2.22;46.21;12.66;9.34;0.126;0.256;0.166;2.4
INTC;Intel Corp.;Technology;31.64;107300;1;1;149.62;11.47;56.28;13.36;12.96;3.17;0.116;0.194;0.136;2.3
INTU;Intuit Inc.;Technology;102.33;7700;1;1;26.28;0.561;4.35;50.87;2.44;1.3;0.11;0.32;;2.5
IP;International Paper;Consumer Goods;43.36;56000;1;1;17.3;0.938;22.37;19.21;9.62;2.6;0.032;0.209;0.115;2.3
IPG;Interpublic Group;Services;23.43;49200;1;1;9.46;0.4546;7.61;21.35;4.85;1.68;0.039;0.238;0.145;1.9
IR;Ingersoll-Rand PLC;Industrial Goods;64.44;45000;1;1;16.84;0.6889;13.3;24.85;22.12;2.8;0.038;0.115;0.091;2.1
IRM;Iron Mountain Incorporated;Technology;35.57;20000;1;1;7.43;0.1232;3.01;61.1;2.41;0.61;0.019;0.192;0.086;2.3
ISRG;Intuitive Surgical Inc.;Healthcare;638.15;3211;1;1;24.45;0.6282;2.45;38.76;126.01;47.24;0.131;0.148;0.132;1.9
ITW;Illinois Tool Works;Industrial Goods;104.66;48000;1;1;37.67;1.9;13.41;20.35;14.36;8.57;0.118;0.369;0.162;2.1
IVZ;Invesco Ltd.;Financial;32.36;6490;1;1;13.2;0.9681;5.12;14.12;18.65;4.46;0.041;0.12;;1.9
JBHT;J. B. Hunt Transport Services;Services;86.01;21562;1;1;9.57;0.4354;6.28;22.59;11.28;0.05;0.122;0.337;0.196;2.2
JCI;Johnson Controls;Consumer Goods;41.93;139000;1;1;27;1.41;36.48;19.51;16.22;0.64;0.049;0.143;0.101;2.2
JEC;Jacobs Engineering Group;Services;43.77;64000;1;1;5.3;0.2494;11.78;21.81;35.62;3.65;0.032;0.058;0.07;2.6
JNJ;Johnson & Johnson;Healthcare;113.32;127100;1;1;313.79;15.38;70.18;20.69;25.82;;;;0.169;2.4
JNPR;Juniper Networks;Technology;23.75;9058;1;1;8.95;0.6337;4.86;14.7;11.95;5.12;0.074;0.142;0.106;2.5
JPM;JPMorgan Chase & Co.;Financial;63.97;234598;1;1;233.41;21.95;51.96;10.78;61.06;291.76;0.009;0.1;0.066;1.9
JWN;Nordstrom;Services;51.59;72500;1;1;9.29;0.6;14.44;16.43;4.9;3.33;0.068;0.328;0.197;2.7
K;Kellogg Co.;Consumer Goods;75.28;33577;1;1;26.6;0.614;13.53;44.07;6.23;0.72;0.04;0.246;0.094;2.8
KEY;KeyCorp;Financial;12.58;13483;1;1;10.28;0.892;2.62;11.75;12.63;3.22;0.009;0.086;0.091;2.1
KHC;Kraft Heinz Co;Consumer Goods;78.1;42000;1;1;98.02;-0.266;18.34;;46.33;3.89;-0.002;-0.004;0.027;2.7
KIM;Kimco Realty;Financial;28.22;546;1;1;11.65;0.7013;1.17;16.72;12.26;0.46;0.098;0.225;0.027;2.4
KLAC;KLA-Tencor Corp.;Technology;71.9;5880;1;1;11.16;0.5308;2.85;21.73;2.36;14.38;0.112;1.348;0.128;2.9
KMB;Kimberly-Clark;Consumer Goods;126.88;43000;1;1;47.27;1.01;18.59;45.73;0.3;1.7;0.073;8.634;0.156;2.5
KMI;Kinder Morgan;Basic Materials;18.12;11290;1;1;39.12;0.077;14;460.26;15.78;0.08;0.001;0.002;0.024;2.4
KMX;Carmax Inc;Services;53.22;22064;1;1;10.37;0.6234;15.15;17.48;14.84;0.19;0.044;0.203;0.046;2.3
KO;The Coca Cola Company;Consumer Goods;44.54;123200;1;1;195.92;7.28;43.87;27.02;5.69;5.07;0.079;0.277;0.093;2.4
KORS;Michael Kors Holdings;Consumer Goods;51.6;11094;1;1;9.31;0.8447;4.59;11.86;10.84;3.88;0.331;0.413;;2.6
KR;Kroger Co.;Services;35.58;431000;1;1;36.28;2.02;109.83;17.84;7.06;0.28;0.064;0.329;0.134;1.8
KSS;Kohls Corp.;Services;45.46;32000;1;1;8.32;0.673;19.2;12.92;29.84;3.82;0.047;0.119;0.098;2.6
KSU;Kansas City Southern;Services;98.22;6670;1;1;10.33;0.4903;2.38;21.6;36.42;0.37;0.059;0.126;0.097;2.4
L;Loews Corp.;Financial;39.86;16700;1;1;13.21;0.26;13.57;58.7;50.68;1.32;0.003;0.014;0.029;2.5
LB;L Brands Inc.;Services;76.76;22900;1;1;22.49;1.25;12.15;18.49;-0.9;;0.167;-2.306;0.277;2.5
LEG;Leggett & Platt;Consumer Goods;47.66;20000;1;1;6.41;0.3239;3.92;21.08;7.77;1.89;0.106;0.297;0.177;2.6
LEN;Lennar Corp.;Industrial Goods;47.33;7749;1;1;10.01;0.8231;9.82;13.18;27.68;3.37;0.066;0.171;0.067;
LH;Laboratory Corp. of America Holding;Healthcare;121.77;50000;1;1;12.69;0.4368;8.68;29.46;48.71;7.06;0.031;0.091;0.062;2.1
LLL;L-3 Communications Holdings;Industrial Goods;124.03;38000;1;1;9.7;0.282;10.47;38.2;55.62;2.64;-0.018;-0.05;0.056;2.5
LLTC;Linear Technology Corp.;Technology;46.38;4868;1;1;10.98;0.4947;1.43;22.77;6.88;;0.256;0.305;;3
LM;Legg Mason;Financial;35.15;2982;1;1;3.71;0.0952;2.74;38.1;40.26;10.42;0.027;0.042;0.067;2
LMT;Lockheed Martin Corp.;Industrial Goods;226.83;126000;1;1;69.13;3.61;46.13;19.75;10.14;3.57;0.086;1.162;0.219;2.2
LNC;Lincoln National;Financial;44.34;9312;1;1;10.77;1.15;13.69;9.67;55.35;12.79;0.005;0.078;0.076;2.2
LOW;Lowes Cos.;Services;76.05;180000;1;1;69.26;2.53;59.07;27.98;8.42;0.53;0.077;0.296;0.153;1.9
LRCX;Lam Research;Technology;80.65;7300;1;1;12.77;0.7864;5.82;17.82;35.79;28.5;0.081;0.145;0.091;1.8
LUK;Leucadia National Corp.;Financial;17.01;13300;1;1;6.1;0.2694;10.89;23.36;28.1;31.46;0.013;0.062;0.013;1
LUV;Southwest Airlines;Services;47.25;49600;1;1;30.22;2.19;19.82;14.31;11.34;4.73;0.103;0.308;0.263;1.9
LVLT;Level 3 Communications;Technology;53.73;12500;1;1;19.09;3.43;8.23;5.74;28.42;2.4;0.157;0.451;0.194;1.9
LYB;LyondellBasell;Basic Materials;90.2;13000;1;1;38.19;4.47;32.74;9.27;14.88;6.12;0.183;0.616;0.3;2.4
LLY;Lilly (Eli) & Co.;Healthcare;77.83;41275;1;1;85.58;2.41;19.96;34.47;13.71;4.05;0.067;0.162;0.095;2
M;Macys Inc.;Services;40.96;157900;1;1;12.75;1.07;27.08;12.3;13.63;3.51;0.051;0.235;0.12;2.6
MA;Mastercard Inc.;Financial;97.45;11300;1;1;107.82;3.81;9.67;29.02;5.34;6.87;0.25;0.609;;2.1
MAC;Macerich;Financial;76.81;997;1;1;11.45;0.4861;1.29;24.83;30.17;0.58;0.038;0.092;;3.1
MAR;Marriott Intl.;Services;66.54;127500;1;1;17.49;0.859;14.49;21.26;-13.96;0.37;0.135;-0.27;1.845;2.6
MAS;Masco Corp.;Industrial Goods;32.47;25000;1;1;10.68;0.352;7.14;31.12;-0.41;5.18;0.057;3.271;0.189;2
MAT;Mattel Inc.;Consumer Goods;32.02;31000;1;1;10.92;0.3514;5.65;31.02;7.27;1.76;0.046;0.114;0.094;2.2
MCD;McDonalds Corp.;Services;125.5;420000;1;1;112.13;4.53;25.41;26.52;7.82;;;;;2.4
MCHP;Microchip Technology;Technology;49.71;9449;1;1;10.04;0.3562;2.16;30.37;10.46;4.98;0.068;0.17;0.115;2.3
MCK;McKesson Corp.;Services;178.25;70400;1;1;40.45;2.24;187.43;18.53;38.59;14.92;0.036;0.227;0.121;2.1
MCO;Moodys Corp;Services;98.78;10400;1;1;19.44;0.9413;3.48;21.37;-2.87;11.36;0.189;-2.164;;2.5
MDLZ;Mondelez International;Consumer Goods;42.19;99000;1;1;65.35;7.27;29.64;9.5;17.61;1.21;0.117;0.284;0.191;2.3
MDT;Medtronic plc;Healthcare;78.99;92000;1;1;111.67;2.43;28.57;46.59;36.13;12.29;0.023;0.047;0.035;2
MET;MetLife Inc.;Financial;46.9;69000;1;1;49.87;5.15;70.04;10.13;61.18;11.82;0.006;0.073;0.052;2.1
MHFI;McGraw Hill Financial;Services;103.37;20400;1;1;27.42;1.16;5.31;24.53;0.72;5.59;0.166;2.145;0.36;2.1
MHK;Mohawk Industries;Consumer Goods;196.22;34100;1;1;14.68;0.6153;8.07;23.82;65.68;1.1;0.064;0.134;0.088;1.8
MJN;Mead Johnson;Consumer Goods;83.9;7660;1;1;15.92;0.6518;4.07;25.72;-3.34;8.98;0.22;3.003;0.306;2.6
MKC;McCormick & Co.;Consumer Goods;91.76;10000;1;1;11.82;0.4245;4.32;28.33;13.33;0.88;0.096;0.248;0.136;3
MLM;Martin Marietta Materials;Industrial Goods;170.6;7300;1;1;11.1;0.2875;3.54;39.35;61.97;2.57;0.04;0.069;0.063;1.9
MMC;Marsh & McLennan;Financial;62.19;60000;1;1;32.4;1.6;12.89;20.84;12.48;2.63;0.091;0.243;0.16;2.4
MMM;3M Company;Industrial Goods;168.66;89446;1;1;102.02;4.83;30.27;22.2;19.06;3.16;0.151;0.38;0.22;2.6
MNK;Mallinckrodt Plc;Healthcare;66.27;5700;1;1;7.4;0.3352;3.49;22.45;45;4.52;0.035;0.102;0.047;1.7
MNST;Monster Beverage;Consumer Goods;122.99;1500;1;1;25.67;0.5467;2.72;44.61;23.7;14.21;0.114;0.139;;1.9
MO;Altria Group Inc;Consumer Goods;60.52;8800;1;1;119.87;5.23;25.43;22.93;1.47;1.21;0.191;2.255;0.335;2.4
MON;Monsanto Co.;Basic Materials;94.08;22500;1;1;41.11;1.44;13.69;29.97;9.47;2.48;0.068;0.253;0.166;2.5
MOS;The Mosaic Company;Basic Materials;28.55;8900;1;1;9.95;1;8.9;10.24;27.04;;0.057;0.101;0.088;2.9
MPC;Marathon Petroleum;Basic Materials;41.46;45440;1;1;21.91;2.85;72.25;7.8;24.88;2.12;0.111;0.308;0.126;1.8
MRK;Merck & Co.;Healthcare;56.74;68000;1;1;156.8;4.44;39.5;35.9;16.02;4.81;0.043;0.096;0.064;2.5
MRO;Marathon Oil Corp.;Basic Materials;14.34;2611;1;1;11.33;-2.204;5.74;;27.4;;-0.064;-0.112;-0.075;2.7
MS;Morgan Stanley;Financial;27.7;56218;1;1;52.55;4.43;35.74;12.09;35.24;;;;0.015;2.4
MSFT;Microsoft Corp.;Technology;51.78;118000;1;1;443.99;10.48;86.89;39.72;9.48;12.39;0.085;0.195;0.101;2.3
MSI;Motorola Solutions Inc.;Technology;75.56;14000;1;1;13.35;0.641;5.7;22.88;-0.6;13.47;0.07;0.701;0.167;2.8
MTB;M&T Bank Corp.;Financial;119.04;16331;1;1;18.8;1.07;3.41;16.03;95.01;70.78;0.012;0.097;0.081;2.9
MU;Micron Technology;Technology;10.66;31800;1;1;10.93;1.07;13.74;11.28;11.84;3.89;0.043;0.087;0.142;2.5
MUR;Murphy Oil;Basic Materials;33.66;1258;1;1;5.77;-2.2558;2.75;;30.81;2.65;-0.167;-0.331;-0.289;3.3
MYL;Mylan N.V.;Healthcare;48.29;35000;1;1;22.32;0.8476;9.43;27.06;19.92;2.49;0.038;0.089;0.082;2.1
NAVI;Navient;Financial;13.68;7300;1;1;4.82;0.996;4.3;5.15;11.1;4.45;0.007;0.251;0.008;2.3
NBL;Noble Energy Inc;Basic Materials;36.04;2395;1;1;15.15;-2.442;3.14;;24;2.38;-0.102;-0.215;-0.146;2.3
NDAQ;NASDAQ OMX Group;Financial;63.99;3824;1;1;10.49;0.428;3.4;25.61;34.09;3.07;0.036;0.076;;2.4
NEE;NextEra Energy;Utilities;114.44;13800;1;1;52.11;2.75;17.49;18.86;49.06;1.25;0.035;0.127;0.065;1.7
NEM;Newmont Mining Corp. (Hldg. Co.);Basic Materials;31.23;15600;1;1;17.01;0.096;7.79;166.36;21.41;4.55;0.004;0.008;0.023;2.7
NFLX;Netflix Inc.;Services;95.9;3500;1;1;39.69;0.1266;7.16;323.74;5.41;4.89;0.012;0.058;;2.5
NFX;Newfield Exploration Co;Basic Materials;36.86;1111;1;1;7.04;-3.362;1.56;;8.46;0.03;-0.49;-1.233;-0.904;1.9
NI;NiSource Inc.;Diversified Utilities;22.25;7596;1;1;7.12;0.183;4.65;38.63;12.06;0.05;0.026;0.107;0.052;2.6
NKE;Nike;Consumer Goods;59.43;62600;1;1;100.84;3.78;31.91;27.44;7.26;3;0.176;0.295;0.232;1.9
NLSN;Nielsen Holdings;Technology;51.92;43000;1;1;18.62;0.607;6.2;31.31;12.49;1.2;0.039;0.135;0.06;1.9
NOC;Northrop Grumman Corp.;Industrial Goods;200.75;65000;1;1;36.23;1.99;23.53;19.32;30.31;12.85;0.081;0.33;;2.2
NOV;National Oilwell Varco Inc.;Basic Materials;29.27;44326;1;1;10.78;-0.769;14.76;;44.04;5.66;-0.026;-0.042;-0.028;2.9
NRG;NRG Energy;Utilities;14.2;10468;1;1;4.45;-6.402;14.67;;8.62;4.83;-0.167;-0.83;-0.242;2.1
NSC;Norfolk Southern Corp.;Services;91.33;30456;1;1;27.16;1.55;10.51;17.93;41.13;;0.048;0.134;0.089;2.6
NTAP;NetApp;Technology;24.24;12810;1;1;7.18;0.3719;5.71;19.79;10.61;17.14;0.042;0.119;;3.3
NTRS;Northern Trust Corp.;Financial;72.36;16200;1;1;16.39;0.9457;4.92;17.65;36.94;12.78;0.008;0.113;0.009;3.1
NUE;Nucor Corp.;Basic Materials;49.55;23700;1;1;15.6;0.3561;16.44;44.25;23.26;7.33;0.024;0.048;0.056;2.5
NVDA;Nvidia Corporation;Technology;36.27;9227;1;1;19.93;0.614;5.01;34;8.28;9.21;0.085;0.139;0.103;2.4
NWL;Newell Rubbermaid Co.;Consumer Goods;44.36;17200;1;1;11.84;0.2594;5.92;46.26;6.79;1.02;0.051;0.198;0.072;1.8
NWSA;News Corp. Class A;Services;12.8;25000;1;1;7.38;-0.14;8.38;;20.29;3.22;-0.008;-0.01;-0.007;2.4
O;Realty Income Corporation;Financial;59.37;132;1;1;15.03;0.2567;1.02;55.59;24.67;0.16;0.022;0.045;0.024;2.7
OI;Owens-Illinois Inc;Consumer Goods;18.33;27000;1;1;2.83;-0.07;6.16;;2.9;2.51;-0.009;-0.095;-0.008;2.5
OKE;ONEOK;Utilities;35.81;2364;1;1;7.44;0.2511;7.76;29.66;1.6;0.46;0.016;0.545;0.073;2.6
OMC;Omnicom Group;Services;83.77;74900;1;1;20.01;1.09;15.13;18.71;10.23;;;;0.19;2.9
ORCL;Oracle Corp.;Technology;40.7;132000;1;1;170.44;8.84;37.16;20.13;10.97;12.15;0.082;0.189;0.122;2.4
ORLY;OReilly Automotive;Services;269.65;37879;1;1;26.24;0.9312;7.97;29.45;19.92;1.2;0.138;0.461;0.294;1.9
OXY;Occidental Petroleum;Basic Materials;75.85;11100;1;1;57.32;-8.146;12.6;;31.91;4.19;-0.156;-0.257;-0.254;2.3
PAYX;Paychex Inc.;Services;52.27;13400;1;1;18.94;0.7399;2.89;25.76;5.2;0.91;0.116;0.405;0.374;3.4
PBCT;Peoples United Financial;Financial;16.09;4652;1;1;4.92;0.259;1.07;18.61;15.87;2.81;;;;3.5
PBI;Pitney-Bowes;Consumer Goods;21.49;14800;1;1;4.17;0.4026;3.58;10.6;0.91;3.9;0.066;2.888;0.164;1.7
PCAR;PACCAR Inc.;Consumer Goods;56.49;23000;1;1;19.5;1.6;19.12;12.43;19.66;9.96;0.076;0.227;;2.8
PCG;PG&E Corp.;Utilities;56.99;23000;1;1;28.1;0.874;16.83;31.81;33.62;0.25;0.014;0.054;0.045;2.2
PCLN;Priceline.com Inc;Services;1338.5;15500;1;1;66.32;2.55;9.22;26.88;176.87;53.32;0.15;0.296;0.179;2.3
PDCO;Patterson Companies;Services;44.93;7000;1;1;4.44;0.1846;5.08;23.97;14.29;0.99;0.052;0.129;0.113;2.6
PEG;Public Serv. Enterprise Inc.;Utilities;45.21;13025;1;1;22.75;1.68;10.42;13.69;25.87;0.78;0.046;0.131;0.083;2.8
PEP;PepsiCo Inc.;Consumer Goods;101.98;263000;1;1;148.65;5.16;62.7;29.35;7.78;8.4;0.073;0.386;0.141;2.2
PFE;Pfizer Inc.;Healthcare;33.27;97900;1;1;205.45;6.95;48.85;29.87;10.48;3.76;0.057;0.141;0.08;2.2
PFG;Principal Financial Group;Financial;44.1;14895;1;1;12.88;1.21;11.99;10.7;31.41;8.65;0.006;0.124;0.098;2.9
PG;Procter & Gamble;Consumer Goods;80.95;110000;1;1;221.35;8.43;69.37;26.9;22.28;5.25;0.063;0.134;0.097;2.5
PGR;Progressive Corp.;Financial;32.95;28580;1;1;19.02;1.27;20.83;15.28;12.49;0.39;0.044;0.173;0.144;3
PH;Parker-Hannifin;Industrial Goods;114.01;54750;1;1;15.17;0.8428;11.88;18.78;35.45;13.97;0.07;0.169;0.126;3
PHM;Pulte Homes Inc.;Industrial Goods;19.05;4542;1;1;6.54;0.4909;5.98;13.56;13.65;2.17;;;0.069;2.8
PKI;PerkinElmer;Healthcare;51.59;8000;1;1;5.65;0.2127;2.26;27.37;18.89;2.17;0.052;0.102;0.082;2.5
PLD;Prologis;Financial;44.9;1555;1;1;23.98;0.8743;2.2;27.92;27.85;0.5;0.041;0.084;0.01;2.9
PM;Philip Morris International;Consumer Goods;96.92;80200;1;1;151.17;6.59;26.26;22.93;-8.23;1.9;0.198;-0.5;0.521;2.4
PNC;PNC Financial Services;Financial;88.09;49148;1;1;43.94;3.81;9.41;11.87;90.08;72.55;0.011;0.085;0.086;2.6
PNR;Pentair Ltd.;Industrial Goods;57.28;27600;1;1;10.15;-0.065;6.45;;22.16;0.7;-0.007;-0.017;0.004;3
PNW;Pinnacle West Capital;Utilities;71.46;93;1;1;8.02;0.4373;3.5;18.29;40.91;0.35;0.03;0.097;0.073;3.1
PPG;PPG Industries;Basic Materials;113.19;46600;1;1;30.13;1.41;15.33;21.93;19.29;3.85;0.082;0.28;0.158;1.8
PPL;PPL Corp.;Utilities;36.51;12799;1;1;24.54;1.6;7.67;15.33;14.74;;0.032;0.12;0.079;2.2
PRGO;Perrigo;Healthcare;121.35;13242;1;1;15.09;-0.0328;5.35;;68.93;2.85;0.004;0.008;0.008;2.1
PRU;Prudential Financial;Financial;79.58;49384;1;1;34.6;5.7;57.26;6.34;97.74;40.14;0.007;0.133;0.08;2.1
PSA;Public Storage;Financial;256.94;5300;1;1;44.43;1.05;2.39;42.59;29.59;0.61;0.108;0.206;;2.8
PSX;Phillips 66;Basic Materials;87.98;14000;1;1;47.16;4.22;98.98;11.36;43.07;5.73;0.106;0.23;0.083;2.4
PVH;PVH Corp.;Consumer Goods;96.08;18200;1;1;7.76;0.5724;8.02;13.82;55.65;6.83;0.053;0.128;0.088;2.3
PWR;Quanta Services Inc.;Industrial Goods;23.41;24500;1;1;3.61;0.1261;7.6;37.56;19.06;0.82;0.054;0.084;0.039;2
PX;Praxair Inc.;Basic Materials;119.62;26657;1;1;34;1.55;10.78;22.25;15.38;0.52;0.083;0.332;0.125;2.6
PXD;Pioneer Natural Resources;Basic Materials;153.15;3732;1;1;24.71;-0.266;3.14;;56.16;8.64;-0.024;-0.041;-0.147;1.8
PYPL;PayPal;Financial;40.31;16800;1;1;48.01;1.23;9.25;39.74;11.23;2.83;0.046;0.102;0.087;2.2
QCOM;QUALCOMM Inc.;Technology;52.64;33000;1;1;77.96;4.91;22.61;16.56;19.94;11.03;0.097;0.158;0.103;2.3
QRVO;Qorvo;Technology;45.7;6700;1;1;6.28;0.0018;2.64;7508.33;39.43;7.36;0;0;0.032;2.2
R;Ryder System;Services;67.18;33100;1;1;3.45;0.3051;6.57;11.4;37.53;1.15;0.034;0.186;0.044;1.8
RAI;Reynolds American Inc.;Consumer Goods;47.83;5600;1;1;68.78;3.25;10.68;17.86;12.78;1.91;0.073;0.218;0.107;2.2
RCL;Royal Caribbean Cruises Ltd;Services;73.8;65900;1;1;16.85;0.6658;8.3;24.85;36.88;0.54;0.032;0.082;;1.8
REGN;Regeneron;Healthcare;404.38;4300;1;1;43.19;0.6361;4.1;73.86;35.22;9.85;0.13;0.192;0.16;2.3
RF;Regions Financial Corp.;Financial;9.34;23916;1;1;11.66;1.01;3.6;12.27;12.36;;;;0.137;2.3
RHI;Robert Half International;Services;43.98;16100;1;1;5.66;0.3578;5.09;16.23;7.71;1.73;0.211;0.357;0.355;2.2
RHT;Red Hat Inc.;Technology;74.85;7300;1;1;13.83;0.1994;2.05;69.27;7.33;6.51;0.051;0.148;0.103;1.9
RIG;Transocean;Basic Materials;10.79;9100;1;1;3.66;0.789;7.39;4.73;39.94;6.57;0.03;0.058;0.051;3.7
RL;Polo Ralph Lauren Corp.;Consumer Goods;93.98;15000;1;1;7.94;0.479;7.42;17.03;44.81;14.45;0.077;0.125;0.16;2.6
ROK;Rockwell Automation Inc.;Industrial Goods;115.11;22500;1;1;15.07;0.7982;6.16;19.32;16.97;16.91;0.159;0.421;0.22;3.2
ROP;Roper Industries;Industrial Goods;178.63;10806;1;1;18.17;0.6961;3.58;26.23;52.55;7.7;0.074;0.137;0.084;2.3
ROST;Ross Stores;Services;56.67;77800;1;1;23.14;1.02;11.94;22.7;6.21;1.88;0.209;0.426;0.36;2.2
RRC;Range Resources Corp.;Basic Materials;39.75;744;1;1;6.5;-0.7145;1.18;;16.57;0;-0.087;-0.225;-0.103;2.3
RSG;Republic Services Inc;Industrial Goods;45.74;33000;1;1;15.88;0.7499;9.12;21.43;22.4;0.09;0.036;0.096;0.073;2.2
RTN;Raytheon Co.;Industrial Goods;126.4;61000;1;1;37.49;2.06;23.25;18.58;33.69;10.71;0.072;0.207;0.147;1.7
SBUX;Starbucks Corp.;Services;57.68;238000;1;1;89.77;2.54;20.16;34.16;4.03;;;;0.341;1.7
SCG;SCANA Corp;Utilities;66.53;5829;1;1;9.54;0.746;4.38;12.81;38.09;1.23;0.045;0.139;0.085;2.6
SCHW;Charles Schwab Corporation;Financial;29.72;15300;1;1;38.38;1.47;6.75;26.86;10.98;;0.008;0.118;0.01;2.3
SE;Spectra Energy Corp.;Basic Materials;31.01;6000;1;1;21.43;0.196;5.23;105.81;9.73;0.33;0.006;0.027;0.06;2.5
SEE;Sealed Air Corp.(New);Consumer Goods;51.98;23000;1;1;10.09;0.3332;7.03;31.77;2.7;1.83;0.043;0.417;0.113;2.2
SHW;Sherwin-Williams;Basic Materials;299.1;40706;1;1;27.43;1.05;11.34;26.8;9.46;;;;0.396;2.1
SIG;Signet Jewelers;Services;111.91;29057;1;1;8.59;0.4679;6.55;18.58;38.79;1.75;0.074;0.16;0.115;1.8
SJM;Smucker (J.M.);Consumer Goods;126.15;7370;1;1;15.06;0.4059;7.45;38.22;61.47;1.19;0.024;0.056;0.045;2.5
SLB;Schlumberger Ltd.;Basic Materials;79.93;95000;1;1;109.99;2.07;35.53;48.74;28.33;9.33;0.047;0.082;0.039;1.9
SLG;SL Green Realty;Financial;105.25;1177;1;1;10.59;0.2479;1.72;43.6;70.43;3.16;0.013;0.036;;2.1
SNA;Snap-On Inc.;Industrial Goods;160.65;11500;1;1;9.37;0.4787;3.35;19.96;43.31;1.83;0.113;0.207;0.165;2
SNDK;SanDisk Corporation;Technology;75.49;8790;1;1;15.23;0.3885;5.56;40.9;28.62;19.9;0.042;0.068;0.06;2.9
SNI;Scripps Networks Interactive Inc.;Services;65.04;3500;1;1;8.07;0.6068;3.02;13.7;11.79;1.77;0.105;0.436;0.137;2.7
SO;Southern Co.;Utilities;49.26;26703;1;1;44.98;2.37;17.49;18.99;22.63;1.54;0.032;0.116;0.063;3.2
SPG;Simon Property Group Inc;Financial;202.14;3150;1;1;62.13;1.82;5.27;34.63;14.31;2.3;0.06;0.392;;1.9
SPLS;Staples Inc.;Services;10.5;42554;1;1;6.79;0.379;21.06;17.83;8.33;1.27;0.037;0.071;0.082;2.9
SRCL;Stericycle Inc;Industrial Goods;123.98;25472;1;1;10.39;0.2569;2.99;41.18;32.16;0.66;0.049;0.11;0.058;2.1
SRE;Sempra Energy;Utilities;101.14;17387;1;1;25.09;1.35;10.19;18.87;47.48;1.63;0.033;0.116;0.057;2.1
STI;SunTrust Banks;Financial;41.96;24043;1;1;21.35;1.86;5.27;11.71;43.68;23.05;0.01;0.084;0.125;2.4
STJ;St Jude Medical;Healthcare;60.67;18000;1;1;17.12;0.713;5.64;24.29;14.31;1.15;0.062;0.178;0.093;2.3
STT;State Street Corp.;Financial;61.89;32356;1;1;24.69;1.85;2.48;13.72;45.77;266.28;0.007;0.099;0.048;2.7
STX;Seagate Technology;Technology;25.32;52350;1;1;7.83;0.627;12.17;13.36;6.09;4.25;0.066;0.252;;2.8
STZ;Constellation Brands;"Beverages - Wineries &amp; Distillers";154.85;7200;1;1;31.37;1.05;6.55;33.77;32.9;0.42;0.066;0.168;0.09;
SWK;Stanley Black & Decker;Industrial Goods;111.67;51250;1;1;16.81;0.9038;11.17;18.79;38.86;2.34;0.058;0.159;0.111;2.5
SWKS;Skyworks Solutions;Technology;71.5;6700;1;1;13.48;0.9584;3.38;14.39;18.29;6.47;0.265;0.306;;1.9
SWN;Southwestern Energy;Basic Materials;12.27;2597;1;1;4.1;-4.662;3.13;;3;4.71;-0.575;-1.668;-0.646;3.1
SYF;Synchrony Financial;Financial;30.5;12000;1;1;25.32;2.21;13.23;11.49;15.13;14.82;0.028;0.187;0.212;1.8
SYK;Stryker Corp.;Healthcare;109.4;27000;1;1;40.83;1.44;9.95;28.93;23.6;20.07;0.094;0.189;;2.3
SYMC;Symantec Corp.;Technology;18.01;19000;1;1;11.86;0.368;4.25;33.58;8.11;3.46;0.058;0.127;0.116;2.9
SYY;Sysco Corp.;Services;45.77;51700;1;1;26.25;0.7668;48.86;35.59;6.95;1.05;0.049;0.155;0.072;3
T;AT&T Inc;Technology;38.07;281450;1;1;235.79;13.35;146.8;16.88;19.88;0.83;0.046;0.158;0.071;2.3
TAP;Molson Coors Brewing Company;Consumer Goods;95.63;15100;1;1;20.7;0.3556;3.57;50.57;38.13;2.01;0.028;0.049;0.047;2.2
TDC;Teradata Corp.;Technology;26.61;11300;1;1;3.48;-0.214;2.53;;6.43;6.35;-0.078;-0.191;-0.163;3.2
TE;TECO Energy;Utilities;27.72;3713;1;1;6.52;0.2405;2.74;27.1;10.66;0.1;0.02;0.067;0.061;3
TEL;TE Connectivity Ltd.;Technology;61.22;72000;1;1;22.21;1.2;11.89;19.57;20.35;3.12;0.107;0.24;0.105;2.1
TGNA;Tegna;Services;23.84;10020;1;1;5.22;0.3575;3.05;15.42;9.76;0.59;0.09;0.324;0.111;2.2
TGT;Target Corp.;Services;82.33;341000;1;1;49.81;3.32;73.79;15.65;21.23;6.71;0.083;0.248;0.153;2.5
TIF;Tiffany & Co.;Services;73.03;12200;1;1;9.18;0.464;4.1;20.04;22.85;6.96;0.09;0.161;0.128;2.4
TJX;TJX Companies Inc.;Services;76.53;216000;1;1;51.01;2.28;30.94;22.9;6.42;3.67;0.238;0.639;;1.8
TMK;Torchmark Corp.;Financial;57.13;3115;1;1;6.81;0.5163;3.77;14;32.97;0.51;0.026;0.12;0.112;3.3
TMO;Thermo Fisher Scientific;Healthcare;146.85;52000;1;1;57.86;1.98;16.97;29.75;53.43;;0.048;0.095;0.07;1.6
TRIP;TripAdvisor;Technology;63.34;3008;1;1;9.15;0.198;1.49;46.09;9.78;4.52;0.091;0.154;0.131;3
TROW;T. Rowe Price Group;Financial;77.58;5999;1;1;19.07;1.21;4.2;16.5;19.09;4.73;0.278;0.311;0.235;2.7
TRV;The Travelers Companies Inc.;Financial;110.84;30900;1;1;32.46;3.28;26.91;10.35;82.14;1.23;0.032;0.136;0.127;2.8
TSCO;Tractor Supply Company;Services;94.45;12000;1;1;12.67;0.42;6.36;30.82;10.12;0.56;0.174;0.307;0.265;2
TSN;Tyson Foods;Consumer Goods;63.07;113000;1;1;23.22;1.37;39.71;19.09;24.71;3.28;0.059;0.143;0.09;1.9
TSO;Tesoro Petroleum Co.;Basic Materials;86.2;6000;1;1;10.37;1.54;28.71;7;43.48;7.86;0.093;0.309;;2.5
TSS;Total System Services;Financial;51;10500;1;1;9.38;0.3595;2.78;26.31;10.14;2.14;0.114;0.243;0.117;2.7
TWC;Time Warner Cable Inc.;Services;201.45;56600;1;1;59.63;1.83;23.7;32.76;31.76;4.11;0.037;0.212;0.102;2.6
TWX;Time Warner Inc.;Services;76.65;24800;1;1;60.96;3.79;28.12;16.62;29.58;2.7;0.076;0.201;0.11;2.1
TXN;Texas Instruments;Technology;58.68;29977;1;1;59.51;2.94;13;20.88;9.83;3.19;0.174;0.291;0.216;2.5
TXT;Textron Inc.;Industrial Goods;39.78;35000;1;1;10.43;0.721;13.55;14.98;18.27;2.7;0.048;0.149;0.101;1.9
TYC;Tyco International;Services;39.19;57000;1;1;16.6;0.525;9.8;31.85;9.46;0.71;0.039;0.112;0.109;2.4
UA;Under Armour;Consumer Goods;46.99;5800;1;1;10.12;0.2326;3.96;60.19;7.73;0.6;0.083;0.155;0.109;1
UAL;United Continental Holdings;Services;50.74;84000;1;1;18.45;7.34;37.86;2.53;22.15;10.63;0.176;0.969;0.4;2.1
UDR;UDR Inc;Financial;36;1569;1;1;9.6;0.085;0.8946;111.22;10.94;0.03;0.047;0.12;0.025;3
UHS;Universal Health Services, Inc.;Healthcare;129.18;72600;1;1;12.3;0.6802;9.04;18.92;43.18;0.64;0.074;0.166;0.112;2.1
ULTA;Ulta Salon Cosmetics & Fragrance Inc;Services;205.39;9700;1;1;13.02;0.32;3.92;41.62;22.67;7.58;0.148;0.234;;2
UNH;United Health Group Inc.;Healthcare;134.13;2.00E+05;1;1;126.07;6.01;165.88;21.51;36.26;13.81;0.056;0.178;0.101;1.8
UNM;Unum Group;Financial;33.92;9400;1;1;8.16;0.8671;10.76;9.61;35.68;0.46;0.014;0.101;0.089;2.4
UNP;Union Pacific;Services;89.63;43655;1;1;73.94;4.6;21.03;16.4;24.26;3.17;0.084;0.222;0.148;2.1
UPS;United Parcel Service;Services;105.52;266000;1;1;92.38;4.84;58.36;19.64;2.74;5.37;0.128;2.369;0.308;2.4
URBN;Urban Outfitters;Services;31.29;9360;1;1;3.57;0.2245;3.45;17.07;9.6;2.81;0.119;0.182;0.177;2.4
URI;United Rentals, Inc.;Services;66.01;12700;1;1;5.87;0.562;5.81;10.89;16.58;2.42;0.046;0.379;0.118;2.7
USB;U.S. Bancorp;Financial;43.3;65433;1;1;74.78;5.57;12.56;13.6;23.75;;0.013;0.138;0.107;2.5
UTX;United Technologies;Industrial Goods;105.7;197000;1;1;88.84;4;56.1;23.45;32.4;8.38;0.099;0.309;0.108;2.3
V;Visa Inc.;Financial;79.11;11300;1;1;191.63;6.69;14.06;29.95;12.19;8.11;0.146;0.234;;2
VAR;Varian Medical Systems;Healthcare;85.17;7300;1;1;8.07;0.4072;3.12;20.72;16.75;;0.114;0.242;0.184;2.6
VFC;V.F. Corp.;Consumer Goods;64.07;64000;1;1;26.79;1.23;12.38;22.24;12.65;2.24;0.123;0.239;0.181;2
VIAB;Viacom Inc.;Services;43.78;9200;1;1;16.77;1.87;13.08;9.25;9.34;0.84;0.085;0.603;0.164;2.7
VLO;Valero Energy;Basic Materials;61.24;10103;1;1;29.59;3.99;87.8;7.82;42.85;8.59;0.087;0.19;0.161;1.9
VMC;Vulcan Materials;Industrial Goods;108.89;6799;1;1;14.57;0.2329;3.42;63.67;33.34;2.13;0.027;0.051;0.071;1.8
VNO;Vornado Realty Trust;Financial;95.42;4089;1;1;17.91;0.6275;2.5;28.99;28.75;9.86;0.038;0.145;0.051;2.5
VRSK;Verisk Analytics;Services;78.19;7647;1;1;13.14;0.5076;2.07;26.06;8.1;0.85;0.105;0.476;0.116;2.2
VRSN;Verisign Inc.;Technology;88.64;1019;1;1;9.76;0.3752;1.06;31.65;-9.65;17.52;0.148;-0.371;0.617;3.4
VRTX;Vertex Pharmaceuticals Inc;Healthcare;86.8;1950;1;1;21.11;-0.5563;1.03;;3.87;4.23;-0.235;-0.596;-0.281;2
VTR;Ventas Inc;Financial;60.49;466;1;1;20.36;0.3882;3.29;53.04;29.32;0.16;0.023;0.051;0.037;2.7
VZ;Verizon Communications;Technology;50.55;177700;1;1;204.97;17.88;131.62;11.62;4.03;1.19;0.074;1.421;0.183;2.5
WAT;Waters Corporation;Healthcare;138.14;6600;1;1;11.1;0.4691;2.04;24.34;25.2;29.72;0.115;0.24;0.133;2.7
WBA;Walgreens Boots Alliance;Services;80.14;245000;1;1;87.3;3.37;116.53;26.19;27.32;3.3;0.049;0.11;0.08;2.3
WDC;Western Digital;Technology;43.66;76449;1;1;10.02;1.14;13.42;8.94;41.19;25.35;0.075;0.122;0.127;2
WEC;Wisconsin Energy Corporation;Utilities;56.65;8211;1;1;17.94;0.6385;5.93;24.13;27.41;0.16;0.025;0.084;0.043;2.5
WFC;Wells Fargo;Financial;50.62;264700;1;1;256.37;21.09;50.29;12.41;34.17;77.39;0.012;0.124;0.088;2.4
WFM;Whole Foods Market;Services;29.76;61700;1;1;9.58;0.525;15.55;19.93;9.68;2.51;0.115;0.183;0.135;3.1
WHR;Whirlpool Corp.;Consumer Goods;187.31;97000;1;1;14.4;0.783;20.89;18.94;60.73;9.98;0.04;0.162;0.123;1.9
WLTW;Willis Towers Watson;Financial;123.79;19300;1;1;16.93;0.373;3.83;22.72;32.71;3.87;0.021;0.16;0.084;2.2
WM;Waste Management Inc.;Industrial Goods;56.39;40600;1;1;25.04;0.753;12.96;33.9;11.95;;0.037;0.14;0.083;2.4
WMB;Williams Cos.;Basic Materials;19.54;6578;1;1;14.28;-0.571;7.36;;8.21;0.13;-0.011;-0.077;-0.024;2.2
WMT;Wal-Mart Stores;Services;68.72;2300000;1;1;217.26;14.69;482.13;15.19;25.45;2.67;0.073;0.186;0.134;2.9
WRK;Westrock Co;Consumer Goods;40.74;41400;1;1;10.24;-0.0716;12.55;73.46;42.61;0.92;-0.004;-0.009;0.036;1.9
WU;Western Union Co;Financial;20.07;10000;1;1;9.9;0.8378;5.48;12.31;2.78;2.66;0.084;0.62;0.217;3
WY;Weyerhaeuser Corp.;Industrial Goods;32.26;12600;1;1;24.04;0.462;7.08;35.87;9.5;1.34;0.036;0.094;;1.8
WYN;Wyndham Worldwide;Services;76.17;37700;1;1;8.68;0.612;5.54;14.67;8.26;1.5;0.075;0.715;0.115;2.1
WYNN;Wynn Resorts Ltd;Services;96;20800;1;1;9.23;0.1953;4.08;47.36;-1.11;21.62;0.02;-1.083;;2.6
XEC;Cimarex Energy;Basic Materials;108.78;925;1;1;9.89;-2.4089;1.45;;30.06;8.37;-0.357;-0.664;-0.551;2.2
XEL;Xcel Energy Inc;Utilities;39.05;11601;1;1;19.9;0.9845;11.02;20.21;20.85;0.17;0.026;0.095;0.059;2.7
XL;XL Capital;Financial;35.89;7200;1;1;10.63;1.21;9.42;8.73;39.28;10.95;0.021;0.105;0.081;2.2
XLNX;Xilinx Inc;Technology;45.87;3451;1;1;11.74;0.5405;2.21;22.56;10.16;13.25;0.11;0.206;0.158;2.5
XOM;Exxon Mobil Corp.;Basic Materials;87.53;73500;1;1;365.13;16.15;259.49;22.69;40.85;0.89;0.047;0.094;0.036;3
XRAY;Dentsply Sirona;Healthcare;60.72;11400;1;1;14.34;0.2512;2.67;34.64;16.7;1.21;0.057;0.11;0.085;2.3
XRX;Xerox Corp.;Technology;11.17;143600;1;1;9.8;0.528;18.05;20;8.91;1.35;0.018;0.047;0.04;2.6
XYL;Xylem Inc.;Industrial Goods;42.46;12700;1;1;7.56;0.34;3.65;22.52;11.63;3.79;0.073;0.166;0.118;2.5
YHOO;Yahoo Inc.;Technology;37.48;10400;1;1;35.43;-4.4795;4.83;;30.11;6.28;;;-0.153;2.4
YUM;Yum! Brands Inc;Services;81.19;505000;1;1;33.34;1.32;13.1;26.82;0.38;;0.161;1.185;0.294;2.5
ZBH;Zimmer Biomet Holdings;Healthcare;114.76;17500;1;1;23.31;0.147;6;160.14;48.64;7.99;0.013;0.035;;2.1
ZION;Zions Bancorp;Financial;27.28;10200;1;1;5.47;0.2466;1.83;22.55;32.76;42.43;0.004;0.038;;2.3
ZTS;Zoetis;Healthcare;48.64;9000;1;1;23.58;0.339;4.77;70.1;2.14;2.32;0.049;0.285;0.057;2
